材料牌号或名称,名称备注,材料种类,材料成份,分子量,材料结构,材料特性,熔点,沸点,玻璃化转变温度,密度,硬度,结晶度,分解温度,pH值,摩擦系数,粘度,弹性模量,屈服强度,抗压强度,抗张强度,抗弯强度,切变强度,冲击强度,断后伸长率,断面收缩率,表面张力,表面自由能,熔化热,蒸发热,反应热,热膨胀系数,折射率,介电常数,电阻率,导电率,磁化率,表面电位,细胞毒性 ,全身毒性   ,遗传毒性 ,免疫毒性  ,刺激与致敏性,生物降解性,血液相容性,生物力学相容性,分子生物相容性,组织相容性,凝血活性,制备/加工,备注,应用,数据来源,数据整理人,数据校对人
聚烯烃,polyolefin,主要品种有聚乙烯以及以乙烯为基础的一些共聚物，如乙烯-醋酸乙烯共聚物，乙烯-丙烯酸或丙烯酸酯的共聚物，还有聚丙烯，聚l-丁烯，聚-4-甲基-1-戊烯，非晶聚烯烃，环烯烃聚合物。,由乙烯、丙烯、1-丁烯、l-戊烯、l-己烯、4-甲基-l-戊烯等&alpha;-烯烃以及某些环烯烃单独聚合或共聚合而得到的一类热塑性树脂的总称,,,相对密度小、耐化学品性、耐水性好，良好的机械强度、电绝缘性,,,,,,,,,,,,,,,,,,,,,,,,,,,,,,,,,,,,,,,,,,,生产方法有高压聚合、低压聚合(包括溶液法、浆液法、本体法、气相法),,可用于薄膜、管材、板材、各种成型制品、电线电缆等。在包装、农业、电子、电气、建筑、汽车、机械、日用杂货等方面有广泛的用途。,师昌绪、李恒德、周廉。材料科学与工程手册。化学工业出版社、材料科学与工程出版中心。2004年1月第1版。P12-9～P12-10,李兰君,聂宇
聚乙烯,polyethylene，PE,高压法制得的聚乙烯，又称低密度聚乙烯；低压法制得的PE，又称高密度PE,,,化学式为-(C2H4)-,耐热性好，可高温灭菌消毒。聚乙烯属生物惰性材料，生物相容性较好，可耐生物老化和&gamma;射线辐射，易于加工成型,,,,,,,,,,,,,,,,,,,,,,,,,,,,,,,,,,,,,,,,,,,由乙烯通过聚合反应制得,由于不能在正常灭菌温度下保持尺寸稳定性，已逐渐为聚丙烯所代替。低密度海绵状PE植入体内后，可引起多核巨细胞、炎性细胞和纤维组织增生，并将在体内自由基或氧作用下发生降解而导致机械性能降低。高密度特别是高分子量PE的生物相容性优于低密度PE,主要用于制造导管、T铜避孕器和包装材料。在特殊条件下制备的超高分子量(80万～300万)聚乙烯，软化点高(约200&#8451;)，蠕变小，冲击强度、抗应力开裂和耐磨性均很好，用于制造人工髋关节臼和复合人工骨材料。此外，聚乙烯在人工关节、人工鼻、人工耳、输尿管、胆管、气管等方面也得到应用,师昌绪、李恒德、周廉。材料科学与工程手册。化学工业出版社、材料科学与工程出版中心。2004年1月第1版。P12-10,李兰君,聂宇
低密度聚乙烯,LDPE,,其组成仅为碳、氢两种原子,(3~4)*10<sup>3</sup>,结构通式-(CH<sub>2</sub>-CH<sub>2</sub>)<sub>n</sub>-,,熔融温度 108-126 &#8451;,,,0.912-0.925 g/cm<sup>3</sup>,,65-75%,,,,,96.60-262.20 MPa,,,"7.59-11.04 Mpa,极限拉伸强度4-16MPa",,,缺口冲击强度 >853.1 J/m,90-800%,,31 &mu;N/cm,,,,,,1.51(25&#8451;),介电常数(1MZH)2.25-2.35；介电损耗(1MZH) <0.0005,体积电阻率（23&#8451;）:1*10<sup>16</sup>&Omega;&bull;cm,,,,,,,,,,,,,,,,,,师昌绪、李恒德、周廉。材料科学与工程手册。化学工业出版社、材料科学与工程出版中心。2004年1月第1版。P12-10<br>生物材料与组织工程，熊党生，科学出版社，2010年第一版，P129<br>高分子材料手册（上），杨鸣波主编，化学工业出版社，2009年第一版，P84,李兰君,聂宇
高密度聚乙烯,HDPE,,其组成仅为碳、氢两种原子,5*10<sup>5</sup>,结构通式-(CH<sub>2</sub>-CH<sub>2</sub>)<sub>n</sub>-,,熔融温度 126-135 &#8451;,,,0.926-0.940 g/cm<sup>3</sup>,,75-85%,,,,,172.50-379.50 MPa,,,11.73-12.46 MPa，极限拉伸强度21-40MPa,,,抗冲击强度 9 kJ/m<sup>2</sup>,20-100%,,,,,,,,1.52(25&#8451;),,体积电阻率:1*10<sup>17</sup>&Omega;&bull;cm,,,,,,,,,,,,,,,,,,师昌绪、李恒德、周廉。材料科学与工程手册。化学工业出版社、材料科学与工程出版中心。2004年1月第1版。P12-10<br>生物材料与组织工程，熊党生，科学出版社，2010年第一版，P129<br>高分子材料手册（上），杨鸣波主编，化学工业出版社，2009年第一版，P84,李兰君,聂宇
超高分子量聚乙烯,UHMWPE,,其组成仅为碳、氢两种原子,(1~4)*10<sup>6</sup>,结构通式-(CH<sub>2</sub>-CH<sub>2</sub>)<sub>n</sub>-,,熔融温度 125-136 &#8451;,,,0.941-0.965 g/cm<sup>3</sup>,,85-95%,,,,,414.00-1242.00 MPa,21-25 MPa,,23.46-25.53 MPa，极限拉伸强度37-46MPa,,,抗冲击强度 >140 kJ/m<sup>2</sup>,200-525%,,,,,,,线膨胀系数：0.0002-0.000025 K<sup>-1</sup>；热导率：8.5W/(m&bull;K),1.54(25&#8451;),介电常数(1MZH)2.3,体积电阻率（23&#8451;）:>1*10<sup>16</sup>&Omega;&bull;cm,,,,,,,,,,,,,,,,,,师昌绪、李恒德、周廉。材料科学与工程手册。化学工业出版社、材料科学与工程出版中心。2004年1月第1版。P12-10<br>生物材料与组织工程，熊党生，科学出版社，2010年第一版，P129<br>高分子材料手册（上），杨鸣波主编，化学工业出版社，2009年第一版，P84,李兰君,聂宇
聚丙烯,polypropylene，PP,,由丙烯聚合而成的一种热塑性树脂,重均分子量20万-70万，多分散系数1.2-5.6,,生物惰性材料，具有良好的力学性能和化学稳定性，可以经受高压蒸汽灭菌,161-163 &#8451;,,,0.9-0.905 g/cm<sup>3</sup>,洛氏硬度>90 (医用聚丙烯输液瓶专用树脂),58-59%，结晶温度103-105&#8451; （管、板材）；59-60% 结晶温度104-106&#8451;（薄膜）；61-62% 结晶温度104-107&#8451;（注塑）,,,,,弯曲弹性模量1.1-1.3 GPa (医用聚丙烯输液瓶专用树脂),>27 Mpa(医用聚丙烯输液瓶专用树脂),,,,,冲击韧性>4.5 kJ/m<sup>2</sup> (医用聚丙烯输液瓶专用树脂)；冲击强度：1.5-2 kJ/m<sup>2</sup>（管、板材），0.5-0.7 kJ/m<sup>2</sup>（薄膜），0.3-0.5 kJ/m<sup>2</sup>（注塑）,,,,,,,,"线膨胀系数：6.5*10<sup>-5</sup> K<sup>-1</sup> (-30-0 &#8451;),10.5*10<sup>-5</sup> K<sup>-1</sup> (0-30 &#8451;),14.0*10<sup>-5</sup> K<sup>-1</sup> (30-60 &#8451;)",,介电常数(1MZH)2.2-2.6；介电损耗(1MZH)<0.0005,,,,,,,,,,,,,,,,,为了提高医用聚丙烯的物理性能和可加工性，通常要加入一些添加剂，这些添加剂主要有抗氧化剂、光稳定剂、成核剂、润滑剂，铸模释放剂，阻燃剂、增滑剂等。,主要用于制造各种导管，输液容器，血液过滤器，注射器，输血、输液袋和包装材料等。PP纤维可用作鼓泡式氧合器的血液消泡过滤网，腹壁修补片，手术缝线等，并可制成中空纤维用于人工肺。,师昌绪、李恒德、周廉。材料科学与工程手册。化学工业出版社、材料科学与工程出版中心。2004年1月第1版。P12-10<br>高分子材料手册（上），杨鸣波主编，化学工业出版社，2009年第一版，P112<br>高分子材料手册（下），杨鸣波主编，化学工业出版社，2009年第一版，P663,李兰君,聂宇
聚氯乙烯,polyvinyl chloride，PVC,,是氯乙烯的聚合物,,,不溶于水，可溶于有机溶剂如环己酮、四氢呋喃等，耐热性不高，在光和热作用下释放出氯化氢，通常只能在70&#8451;以下使用,160 &#8451;,,75-85 &#8451;,1.2-1.4 g/cm<sup>3</sup>,,5-15 %,PVC的热稳定性十分差，受热分解脱出氯化氢（HCl），并形成多烯结构。PVC加热到100&#8451;，就开始脱HCl，达到130&#8451;时，已比较严重，超过150&#8451;，则脱HCl十分迅速。,,,,1.5-15 MPa,,,10-20 MPa,,,,100-450 %,,,,,,,"线膨胀系数：7*10<sup>-5</sup>~ 2.5*10<sup>-4</sup> K<sup>-1</sup>,热导率：0.12-0.16 W/(m&bull;K)",,,,,,,,对含较多增塑剂的软质PVC毒性问题仍有争议，因此仅限于制作与人体短期接触的制品。,,,,,,,,,PVC具有一定的抗凝血性和曲挠性，主要用于制作输血、输液袋，体外循环装置导管，鼓泡式氧合袋，尿袋等。,,但对含较多增塑剂的软质PVC毒性问题仍有争论，因此仅限于制作与人体短期接触的制品，要求其粉体中有毒单体含量必须低于(5～10)×10<sup>(-6)</sup>，经加工后低于1×10<sup>(-6)</sup>,其价格低廉，易于加工，是制备PVC塑料的主要原料。其制品一般呈微黄色，透明、柔软，在低温下逐渐变硬，长期使用会老化而变脆、变黄，并伴有增塑剂向表面迁移的“起霜”现象。PVC具有一定的抗凝血性和曲挠性，主要用于制作输血、输液袋，体外循环装置导管，鼓泡式氧合袋，尿袋等,师昌绪、李恒德、周廉。材料科学与工程手册。化学工业出版社、材料科学与工程出版中心。2004年1月第1版。P12-10<br>高分子材料手册（上），杨鸣波主编，化学工业出版社，2009年第一版，P130,李兰君,聂宇
聚苯乙烯,polystyrene，PS,,,20万-30万,为无定形、非极性线性高聚物,PS的热性能与分子质量大小、单体低聚物及杂质含量有关。PS热变形温度为70～90&#8451;，脆化温度-30&#8451;，比热容1256-2093.3 J/(kg&bull;K)，导热系数低，制品的最高使用温度60～80&#8451;。化学稳定性良好，它能溶解于苯、四氯化碳、甲苯、氯仿、除丙酮以外的酮类、酯类等，能耐一般酸、碱、盐的腐蚀。透光率很好，达88%～92%，透光性仅次于有机玻璃，折射率为1.59～1.60。电绝缘性能优良。冲击强度较差，拉伸强度、弯曲强度较好。,150 &#8451;维卡软化点温度 100 &#8451,,100 &#8451;,1.04-1.07 g/cm<sup>3</sup>,洛氏硬度 65-90,,,,,,弹性模量3500 MPa；弯曲弹性模量3200 MPa,,115 MPa,50 MPa,105 MPa,,冲击韧性 16 kJ/m<sup>2</sup>,2%,,,,,,,线膨胀系数：0.00008 K<sup>-1</sup>；热导率：0.14 W/(m&bull;K),透光率很好，达88%～92%，透光性仅次于有机玻璃，折射率为1.59～1.60。,介电常数(1MZH)2.45-2.65；介电损耗(1MZH) 0.0001-0.0002,体积电阻率:1*10<sup>17</sup>-1*10<sup>19</sup> &Omega;&bull;cm,,,,,,,,,,,,,,,,氧指数 20,苯乙烯与丁二烯、丙烯腈的共聚物(称ABS树脂)具有很好的机械强度和加工性能，用于制备医疗器具如吸附型人工肾壳体等。苯乙烯与二乙烯苯共聚物可制成多种离子交换树脂和吸附树脂，广泛用于物质的吸附分离、净化等，在吸附型人工肾和人工肺解毒装置中，用于去除血液中的肌酐、尿酸、胆红素等内源性毒素及安眠药等外源性毒物。苯乙烯的共聚物制成球型，经高温裂解碳化后可制成多孔性碳化树脂，用来清除病人血液中有毒物质，如过量药物以及一些致病性抗体及其免疫复合物，在治疗红斑狼疮等临床应用中已取得良好疗效。,师昌绪、李恒德、周廉。材料科学与工程手册。化学工业出版社、材料科学与工程出版中心。2004年1月第1版。P12-10<br>高分子材料手册（上），杨鸣波主编，化学工业出版社，2009年第一版，P148,李兰君,聂宇
聚丙烯腈,polyacrylonitrile，PAN,,,,,PAN基碳纤维具有良好的吸附性能,220-230 &#8451;,,"非晶相的低序态:80-100 &#8451;,非晶相的中序态:140-150 &#8451;",相对密度1.14-1.17,,,250-300 &#8451;,,,,,,,,,,,,,,,,,,,,,,,,,,,,,,,,,,,,,, 丙烯腈单体在溶剂中由引发剂催化通过悬浮聚合方法制成的聚合物，是重要的合成纤维原料。PAN含量为85%共聚物称为腈纶，用于制造人工血管和制作超滤装置和透析型人工肾中的中空纤维，以超滤清除中、大分子物质。PAN纤维经高温碳化制成碳纤维，用于增强复合材料以制作假肢、假牙、人工肌腱、韧带、牙槽骨、下颌骨和软骨等。此外，丙烯腈-丁二烯共聚物与&alpha;-氰基丙烯酸丁酯的共聚物可做脑动脉瘤加固保护剂，称为脑颅胶。PAN基碳纤维具有良好的吸附性能，可用于制作吸附型人工肾、人工肝吸附装置。,师昌绪、李恒德、周廉。材料科学与工程手册。化学工业出版社、材料科学与工程出版中心。2004年1月第1版。P12-10<br>高分子材料手册（上），杨鸣波主编，化学工业出版社，2009年第一版，P890<br>高分子材料手册（下），杨鸣波主编，化学工业出版社，2009年第一版，P666,李兰君,聂宇
聚四氟乙烯,polytetrafluoroethylene，PTFE,,,,,是非极性、线型结晶聚合物，一般结晶度在55%～75%，有时高达94%；最高使用温度250&#8451;，脆化温度-190&#8451;，热变形温度(0.46MPa条件下)120&#8451;，吸湿率<0.01%，氧指数95，化学稳定性能好，能耐强酸、强碱、强氧化剂及“王水”的腐蚀，对很多物质均无黏附作用，可在-70～260&#8451;范围内使用，能耐受反复高温消毒灭菌，流变性好，易于加工成型,324 &#8451;,,,相对密度2.14-2.2,,55-75%,415 &#8451;,,,,拉伸弹性模量 400 GPa，压缩弹性模量 500 GPa，弯曲弹性模量 420 GPa,,,22-35 MPa,11-14 MPa,,冲击强度 163 J/m,200-400 %,,,,,,,线膨胀系数：0.00001 K<sup>-1</sup>,,介电常数(1MZH)<2.1；介电损耗(1MZH) <0.0002,体积电阻率:1*10<sup>17</sup>-1*10<sup>18</sup> &Omega;&bull;cm,,,,,,,,,,,,,,,,PTFE虽然毒性很小，热解产物却有一定的毒性。特别是在体内以颗粒形式出现时(如作为人工关节臼时因磨损产生的颗粒)，对其生物相容性会产生不利的影响。,主要应用在心血管系统方面，用作血管修复，人工心瓣膜的底环，阻塞球和缝合环包布，人工肺气体交换膜，人工肾和人工肝的解毒罐，心血管导管引导钢丝的表面涂层，体外血液回路和动、静脉接头等。此外，还可用在疝修复，食道、气管重建，牙槽脊增高，下颌骨重建，人工关节及鼓室成型方面。,师昌绪、李恒德、周廉。材料科学与工程手册。化学工业出版社、材料科学与工程出版中心。2004年1月第1版。P12-10<br>高分子材料手册（上），杨鸣波主编，化学工业出版社，2009年第一版，P148,李兰君,聂宇
聚丙烯酸酯,polyacrylate,,以丙烯酸醋类为单体的均聚物或共聚物,,,丙烯酸酯类一般对人体无毒，具有良好的生物相容性,,,,,,,,,,,,,,,,,,,,,,,,,,,,,,,,,,,,,,,,,,,,,广泛用于软、硬组织修复、组织黏合剂、血液透析、角膜接触镜等方面，是最早应用的生物材料之一。常用的有：1、聚甲基丙烯酸甲酯(PMMA)，俗称亲水有机玻璃(见聚甲基丙烯酸甲酿)；2、聚甲基丙烯酸羟乙酯；3、&alpha;-氰基丙烯酸酯(见聚&alpha;-氰基丙烯酸酯)一种组织黏合剂。此外，带长臂侧基的聚甲基丙烯酸烷基磺酸酯，具有类假肝素的性质，表现出良好的抗凝血性；带有叔胺基的聚丙烯酸酯，可以转化成季铵盐，从而与肝素结合，制备抗凝血表面，带长臂侧基的聚甲基丙烯酸活性酯，可以在温和条件下连接酶和多肽等生物活性物质；聚丙烯酸酯共聚物的丙酮-乙酸乙酯溶液，可做成气雾制剂，用作外伤敷料等。,师昌绪、李恒德、周廉。材料科学与工程手册。化学工业出版社、材料科学与工程出版中心。2004年1月第1版。P12-10,李兰君,聂宇
聚甲基丙烯酸甲酯,polymethylmethacrylate，PMMA。俗称有机玻璃,是一系列丙烯酸酯聚合物中最重要的一种,,50万～l00万,,"PMMA分三种构型：无规立构、问规立构、等规立构。PMMA的最高使用温度65～95&#8451;，脆化温度9.2&#8451;，马丁耐热温度80&#8451;，热变形温度115&#8451;(1.85MPa)，126&#8451;(0.46MPa)，容易燃烧。PMMA的透光率可达90%～92%,是透光率最高的热塑性塑料。耐磨性差，其静摩擦系数为0.8。PMMA的电性能、机械性能、耐化学腐蚀性均良好。甲基丙烯酸甲酯和丁二烯共聚，抗冲击性能很好，表面硬度较高；甲基丙烯酸甲酯和苯乙烯共聚，耐热性能提高20&#8451;，表面硬度得到一定的提高，具有良好的生物相容性",熔融温度160～200 &#8451;，维卡软化点113 &#8451;,,l05 &#8451;,1.19～1.22g/cm<sup>3</sup>,,,,,,,拉伸弹性模量 2410 MPa，压缩弹性模量 2760 Mpa,,77-91.7 MPa,极限拉伸强度24-28.2 MPa （PMMA骨水泥）,,"剪切强度41 MPa ,断裂韧性0.88-1.55 MN&#8451;m<sup>-3/2</sup>（PMMA骨水泥）",,,,,,,,,,"PMMA的透光率可达90%～92%,是透光率最高的热塑性塑料",,,,,,,,,,,,,,,PMMA骨水泥的缺点是在聚合过程中释放的热量能引起周围组织的坏死，冷固过程中骨水泥的收缩会在骨水泥和骨之间留下缝隙，使骨和骨水泥间形成薄弱连接。,,,在聚合过程中释放的热量能引起周围组织的坏死，冷同过程中骨水泥的收缩会在骨水泥和骨之间留下缝隙，这使骨与骨水泥间形成薄弱连接,主要用作人工骨、骨水泥、人工关节，以此还可以用作齿科材料、臂骼黏合剂和颅骨修补等方面。其中，一般的PMMA是一种在加压条件下受热固化的聚合物，而后者，即外科矫正用的PMMA是一种可用于混合的自固化聚合物,师昌绪、李恒德、周廉。材料科学与工程手册。化学工业出版社、材料科学与工程出版中心。2004年1月第1版。P12-11,李兰君,聂宇
聚&alpha;-氰基丙烯酸甲酯,poly(&alpha;-cyanoacrylate),,,,丙烯酸酯分子中&alpha;碳上含有氰基的聚合物,强极性聚合物，溶于二甲基甲酰胺、硝基甲烷、乙腈等溶剂、加热至180&#8451;左右可分解；在-80&#8451;至软化点范围内均可有较高的抗拉强度。其单体在微量水等催化下可快速聚合成无色透明聚合物，固化时间为5～180s，加之&alpha;-氰基丙烯酸酯与蛋白质的氨基酸结合牢固，是常用的组织黏含剂,,,,相对密度 1.314 (20&#8451;),,,,,,,,,,33.1 MPa,,剪切强度 22 MPa,冲击强度0.3 J/cm<sup>2</sup>,,,0.0003741 N/cm,,,,,,1.443 (20&#8451;),,,,,,,,,,,,,,,,,,使用中要考虑聚合物在体内降解产物对组织的影响,临床上用于组织或皮肤黏结，破裂血管止血，管腔栓堵和黏合，神经连接，角膜手术，上颚裂的封闭，移动肾的固定，动脉血管瘤的加固保护，骨重建；骨和软骨断裂的修复，牙周敷料等。常用的&alpha;-氰基丙烯酸酯有甲酯、乙酯、丙酯、丁酯，异丁酯或戊酯等,师昌绪、李恒德、周廉。材料科学与工程手册。化学工业出版社、材料科学与工程出版中心。2004年1月第1版。P12-11<br>高分子材料手册（下），杨鸣波主编，化学工业出版社，2009年第一版，P670,李兰君,聂宇
聚&alpha;-氰基丙烯酸乙酯,,,,,,,,,,相对密度 1.23 (20&#8451;),,,,,,,,,,25.5 MPa,,剪切强度 13.7 MPa,冲击强度0.3 J/cm<sup>2</sup>,,,0.0003432 N/cm,,,,,,1.486 (20&#8451;),,,,,,,,,,,,,,,,,,,,师昌绪、李恒德、周廉。材料科学与工程手册。化学工业出版社、材料科学与工程出版中心。2004年1月第1版。P12-11<br>高分子材料手册（下），杨鸣波主编，化学工业出版社，2009年第一版，P670,李兰君,聂宇
聚&alpha;-氰基丙烯酸丁酯,,,,,,,,,,相对密度 1.145 (20&#8451;),,,,,,,,,,16.8 MPa,,剪切强度 4.5 MPa,冲击强度0.5 J/cm<sup>2</sup>,,,0.0003111 N/cm,,,,,,,,,,,,,,,,,,,,,,,,,,师昌绪、李恒德、周廉。材料科学与工程手册。化学工业出版社、材料科学与工程出版中心。2004年1月第1版。P12-11<br>高分子材料手册（下），杨鸣波主编，化学工业出版社，2009年第一版，P670,李兰君,聂宇
聚乙烯吡咯烷酮,"Polyvinyl pyrrolidone, PVP",,,如图 PVP分子量的测定及表征；PVP MW.jpg),,是一种非离子型水溶性高分子化合物，是N-乙烯基酰胺类聚合物中最具特色、且被研究得最深入、广泛的精细化学品品种。PVP既溶于水，又溶于大部分有机溶剂，毒性很低，生物相容性好。,,,如图 PVP玻璃化转变温度与分子量的关系；PVP Tg.jpg),相对密度 1.25 (25&#8451;),,,,,,,,,,,,,,,,,,,,,,1.53 (25&#8451;),,,,,,,经急性静脉注射毒性试验LD<sub>50</sub>为12-15g/kg；大鼠口服毒性试验LD<sub>50</sub>为100g/kg；慢性口服毒性试验，用1%-3%的PVP的饲料喂养狗和鼠24个月，未见中毒症状。,,PVP对人体不具有抗原性，也不抑制抗体的生成，人体可从消化道、腹下、皮下及静脉途径接受，未发现对人有任何致癌作用。,PVP具有优良的生物相容性，对皮肤、黏膜、眼等不形成任何刺激。,PVP不被肠胃道吸收，在非肠胃道医药中低分子量的PVP很容易从肾系统排出，而高分子量的PVP排出速率慢。分子量较小的PVP几天内可完全从尿中排除；分子量较高的PVP会缓慢的在体内积贮，主要是在网状内皮组织细胞内积贮，特别是在脾、肝、淋巴结、骨髓及肾中暂时积贮。其积贮及消失程度与分子量、摄入量、摄入时间有关。,,,,PVP在正常剂量下长期用药，也未发生组织损伤。对人体进行临床口服试验表明，一次给药3-50g之间都没有发现组织损伤。,,,,,水溶性高分子，严瑞轩主编，化学工业出版社，2010年第二版，P217<br>高分子材料手册（下），杨鸣波主编，化学工业出版社，2009年第一版，P668,李兰君,聂宇
聚亚烷基丙二酸酯,polyalkylene malonate,,,,,是一类快速固化的医用组织黏合剂,,,,,,,,,,,,,,,,,,,,,,,,,,,,,,,,,,,,,,,,,,,,其中亚烷基丙二酸二烷基酯和亚烷基丙二酸二烯丙酯等与&alpha;-氰基丙烯酸的低级烷基酯一样，生物相容性差，组织吸收慢，在使用上受到很大的限制。,为克服上述缺点，发展了一种新的亚烷基丙二酸甲基、烯丙基酯黏结剂。已用于血管、组织、肌肉、骨和牙的黏结，其综合性能较好，应用范围也较广,师昌绪、李恒德、周廉。材料科学与工程手册。化学工业出版社、材料科学与工程出版中心。2004年1月第1版。P12-11,李兰君,聂宇
聚丙烯酰胺,polyacrylamide，PAM,,丙烯酰胺的聚合物，系水溶性高分子,,,PAM对组织无毒，具有良好的生物相容性，但其单体有使神经肌肉功能失调的毒性，并对皮肤有刺激性，因此医用PAM中游离单体含量不得超过0.05%。PAM具有黏合性和絮凝性。由于含有亲水性和疏水性链段的嵌段共聚物能抗凝血，因而聚N，N-二取代丙烯酰胺，如聚N辛基-N-(2-羟乙基)丙烯酰胺P(OCTAAm)和聚N-苄基-N-(2-羟乙基)丙烯酰胺P(BENAAm)及共有关共聚物具有良好的血液相容性,,,,,,,,,,,,,,,,,,,,,,,,,,,,,,,,,,,,,,,,,,,可用丙烯酰胺水溶液，以过硫酸盐为引发剂进行溶液聚合或反相悬浮聚合(反相乳液聚合)等方法制造，有粉状、水溶液、乳液、珠状等形态,,用作医用黏结剂和合成生理黏液并正在研究用于合成人工血浆，其水凝胶具有抗凝血性和耐水稳定性好，吸水性强，可用于血液灌流的活性炭包覆微囊等,师昌绪、李恒德、周廉。材料科学与工程手册。化学工业出版社、材料科学与工程出版中心。2004年1月第1版。P12-11,李兰君,聂宇
聚醚,polyether,,,,分子主链中含醚键(-C-O-C-)的热塑性聚合物,,,,,,,,,,,,,,,,,,,,,,,,,,,,,,,,,,,,,,,,,,,,根据反应物的性质和反应条件可制得多种不同性质和组成的聚醚,,常用的医用聚醚有：1、环氧树脂，由芳香二环氧化合物聚合而成，具有优良的化学耐蚀性和粘接力，用作齿科修复材料；2、聚环氧乙烷(聚氧化乙烯)，可用作药物缓释载体(见药物缀释一章)；3、聚氧化亚甲基，即聚甲醛(见前面)；4、聚环氧丙烷(聚氧化丙烯)，用于制作抗凝血的聚氨酯弹性体等。此外，氧化乙烯和氧化丙烯的ABA型嵌段共聚物，可用于制作含硝酸银的水凝胶敷料等，聚苯醚可用于制造医用器械等。,师昌绪、李恒德、周廉。材料科学与工程手册。化学工业出版社、材料科学与工程出版中心。2004年1月第1版。P12-11,李兰君,聂宇
聚乙二醇,,,,如图 各种牌号PEG的性质；PEG property.jpg),,,如图 各种牌号PEG的性质；PEG property.jpg),,,如图 各种牌号PEG的性质；PEG property.jpg),,,,,,,,,,,,,,,,如图 PEG水溶液的表面张力；PEG SurfaceTension.jpg),,,,,,如图 各种牌号PEG的性质；PEG property.jpg),,,,,,PEG是一类低毒或无毒的聚合物。,用含4%的PEG饲料喂养兔子40天，未见任何中毒症状。,,,PEG对皮肤无任何刺激性，对眼睛的刺激也很轻微。用4%的PEG水溶液滴入兔子眼中，未引起刺激作用。,,,,,,,,,,水溶性高分子，严瑞轩主编，化学工业出版社，2010年第二版，P117<br>高分子材料手册（下），杨鸣波主编，化学工业出版社，2009年第一版，P671,李兰君,聂宇
泊洛沙姆407,,,,11500,,,,,,,,,,,,,,,,,,,,,,,,,,,,,,,,,,,口服液态泊洛沙姆的LD<sub>50</sub>为1g/kg以上，半固体和固体为10g/kg以上。其他途径给服，如静脉注射或腹腔内注射泊洛沙姆的LD<sub>50</sub>要低一些。,,,局部使用时，没有刺激性，也不会致敏。,泊洛沙姆分子不具有生物降解性，体内通过吞噬被消除。,,,,泊洛沙姆407具有特殊的反向热凝胶作用，即低温时（4-5&#8451;）为液体，体温下称为凝胶，其毒性低，刺激性小，生物相容性好，被广泛用于医学、要学领域。,,,,,高分子材料手册（下），杨鸣波主编，化学工业出版社，2009年第一版，P672,李兰君,聂宇
Delrin均聚甲醛树脂,,,,,,,175 &#8451;,,,相对密度1.42,洛氏硬度：94(标尺M)，120(标尺R),,,,,,拉伸弹性模量364 GPa,,压缩强度126 MPa,70 MPa,弯曲强度98.7 MPa,,,25%(注塑成型)，75%(挤出成型),,,,,,,10.8*10<sup>-5</sup>  K<sup>-1</sup>,,介电常数(1MZH)3.7；介电损耗(1MZH) 0.0048,,,,,,,,,,,,,,,,,,,高分子材料手册（下），杨鸣波主编，化学工业出版社，2009年第一版，P673,李兰君,聂宇
Celcon共聚甲醛树脂,,,,,,,165 &#8451;,,,相对密度0.41,洛氏硬度：78-80(标尺M),,,,,,拉伸弹性模量287 GPa,,压缩强度112 MPa,61.6 MPa,弯曲强度91 MPa,,,60-75%(注塑成型),,,,,,,7.6-11*10<sup>-5</sup>  K<sup>-1</sup>,,介电常数(1MZH)3.7；介电损耗(1MZH) 0.006,,,,,,,,,,,,,,,,,,,高分子材料手册（下），杨鸣波主编，化学工业出版社，2009年第一版，P673,李兰君,聂宇
全氟化醚共聚物,polyfluoroether copolymer,,氟碳乳剂的一种，商品牌号为FreonE<sub>4</sub>,,无色透明的液体,化学性质和热性能稳定，无致癌性和致畸性，具有高度溶解氧和二氧化碳的能力，其溶解度分别为30%和77%(体积分数),,193℃,,,,,,,,,,,,,,,,,,15.2×10<sup>5</sup> N/mL(25℃),,,,,,,,,,,,,,,,,,,,,,,,显然FreonE<sub>4</sub>作为异物在血管内只能暂时而不是永久替代自然血，但这种暂时的取代并不妨碍机体造血功能的恢复,适于做具有气体交换功能的人工血液。可用于脏器灌流(代替血液、血浆及营养液来灌流离体脏器以维持其生存)、人工鳃、交换输血、急救输血、一氧化碳中毒的解救等方面,师昌绪、李恒德、周廉。材料科学与工程手册。化学工业出版社、材料科学与工程出版中心。2004年1月第1版。P12-11,李兰君,聂宇
聚醋酸乙烯酯,"polyvinyl acetate, PVAc",,醋酸乙烯酯的聚合物,,,为无色、透明、无臭的热塑性聚合物，折射率l.467，玻璃化转变温度28℃，加热低于200℃时不变色，能溶于醋酸、丙酮、酯类、酵、氯代烃等，难溶于石油烃，在酸、碱存在下能成为水溶性高分子。PVAc生物降解缓慢,,,,,,,,,,,,,,,,,,,,,,,,,,,,,,,,,,,,,,,,,,,通过溶液聚合、悬浮聚合或本体聚合等方法制得,,可用作药品的分散剂或赋形剂，输血或静脉注射装置。乙烯与醋酸乙烯酯的共聚物为橡胶状材料，生物相容性好，常用作药物释放载体，如在Ocusert体系释放毛果芸香碱超过1周，用于青光眼治疗。而在Progestasert释放黄体酮则可持续1年以上，用于生育控制,师昌绪、李恒德、周廉。材料科学与工程手册。化学工业出版社、材料科学与工程出版中心。2004年1月第1版。P12-11,李兰君,聂宇
对苯二甲酸乙二醇酯,PET,,,2万-3万,在分子的主链上含有酯基的聚合物,抗蠕变性，耐疲劳性、耐摩擦性也很好。增强PET的热变形温度220&#8451;，其制品可在120～150&#8451;下长期使用。而未增强的PET热变形温度只有85&#8451;；熔点260&#8451;，玻璃化温度69&#8451;。耐光、热、气候老化性能较好,255-260 &#8451;,,"69 &#8451;(未增强),67 &#8451(无定形);,81 &#8451;(结晶),125(取向且结晶)","1.69g/cm<sup>3</sup>,(未增强PET密度为1.35g/cm<sup>3</sup>)",,,,,,,拉伸模量14.8 GPa，弯曲模量l4 GPa,,,190 Mpa,280 MPa,,冲击强度13 kJ/m<sup>2</sup>,200%,,,,,,,,,介电常数(1MZH)3.37；介电损耗(1MZH) 0.0028,,,,,,,,,,,,,,,,,,聚对苯二甲酸乙二醇酯较多地应用在医学上，在临床上，可用作植入缝合线、网、人造血管植入体以及心脏瓣膜等,师昌绪、李恒德、周廉。材料科学与工程手册。化学工业出版社、材料科学与工程出版中心。2004年1月第1版。P12-11<br>高分子材料手册（上），杨鸣波主编，化学工业出版社，2009年第一版，P230<br>高分子材料手册（下），杨鸣波主编，化学工业出版社，2009年第一版，P668,李兰君,聂宇
聚碳酸酯,polycarbonate，PC,,,,分子具有对称结构，分子结构中既有柔顺的碳酸酯链，又有刚性的苯环结构，这使得该材料机械特性韧而强；分子链中的羰基使得材料的电性能稍差，链中有酯基，使材料易吸湿，易水解,无臭、无毒、高度透明、呈无色或微黄色。,熔融温度225～250 &#8451;,,l49 &#8451;,1.2 g/cm<sup>3</sup>,,,>340 &#8451;,,,,,,43-88 MPa,拉伸强度66-72 MPa,95-113 MPa,,缺口冲击强度65-88 kJ/m<sup>2</sup>,80-100%,,,,,,,,,3.17,,,,,,,,,,芳香族聚碳酸酯由于及其缓慢的水解速率常用作生物惰性材料，而脂肪族聚碳酸酯常用作生物降解材料，可作为药物的缓控释放材料，药物的释放速率取决于聚碳酸酯的水解速率和微球的大小。,,,,,,,它的血液相容性较差，所以应用时要加肝素等抗凝剂。是一种可生物降解材料,聚碳酸酯和二甲基硅氧烷的共聚物可作为氧合器膜，其对氧和二氧化碳的渗透速率高于一般的有机硅膜,师昌绪、李恒德、周廉。材料科学与工程手册。化学工业出版社、材料科学与工程出版中心。2004年1月第1版。P12-11～P12-12<br>高分子材料手册（下），杨鸣波主编，化学工业出版社，2009年第一版，P678,李兰君,聂宇
玻纤增强聚碳酸酯,,,,,,,,,,1.24-1.52 g/cm<sup>3</sup>,,,,,,,,,105-168 MPa,拉伸强度98-148 MPa,119-212 MPa,,缺口冲击强度9.8-16.3 kJ/m<sup>2</sup>,0.5-0.9%,,,,,,,,,3.31-3.8,,,,,,,,,,,,,,,,,,,师昌绪、李恒德、周廉。材料科学与工程手册。化学工业出版社、材料科学与工程出版中心。2004年1月第1版。P12-12,李兰君,聂宇
医用聚氨醋,polyurethane，PU,,,,主链上含有氨基甲酸酯基团(-NH-CO<sub>2</sub>-C-)的一类高分子化合物,,,,,,,,耐热度80-100 &#8451;,,,,,,,抗拉强度300-500 kgf/cm<sup>2</sup>；薄膜： 纵向拉伸强度 >40 MPa，横向拉伸强度 >35 MPa,,,,300-750%；薄膜：纵向延伸率>400%，横向延伸率>450%,,,,,,,,,,,,,,,,,,,,,,,,,由含端羟基的聚醚、聚酯、聚烯烃和二异氰酸酯经逐步聚合反应而成,,医用聚氨酯大多是嵌段聚醚型聚氨酯(SPU)，由分子两端含有羟基的聚醚与二异氰酸酯反应生成分子末端为异氰酸酯的预聚体，再与低分子二元醇或二元胺通过扩链反应而制得。其软段由聚醚二醇形成，硬段由氨基甲酸酯与尿素结合而构成，而且各自形成独立的链段，呈微相分离结构。SPU强度高，弹性好，耐挠曲性优良，耐磨损、耐水解能力强，在生物环境中呈惰性，特别是其血液相容性良好，是制造心血管系统修复体和装置的良好材料，用于制作人工心脏血泵、人造血管、血液净化器的密封剂、体外循环装置的导管等。此外，它还可用于制作人工皮肤、人工软骨、缝合线、组织黏合剂及固定化酶等,师昌绪、李恒德、周廉。材料科学与工程手册。化学工业出版社、材料科学与工程出版中心。2004年1月第1版。P12-12<br>高分子材料手册（下），杨鸣波主编，化学工业出版社，2009年第一版，P662,李兰君,聂宇
Biomer医用聚氨酯,,,,,,,,,,,,,,,,,,,,44.2 MPa,,,,600%,,,,,,,,,,,,,,,,,,,,,,,,,,,,高分子材料手册（下），杨鸣波主编，化学工业出版社，2009年第一版，P661,李兰君,聂宇
Avcothane医用聚氨酯,,,,,,,,,,,,,,,,,,,,43.4 MPa,,,,580%,,,,,,,,,,,,,,,,,,,,,,,,,,,,高分子材料手册（下），杨鸣波主编，化学工业出版社，2009年第一版，P661,李兰君,聂宇
Pellethane 2363-80-A医用聚氨酯,,,,,,,,,,,,,,,,,,,,42 MPa,,,,550%,,,,,,,,,,,,,,,,,,,,,,,,,,,,高分子材料手册（下），杨鸣波主编，化学工业出版社，2009年第一版，P661,李兰君,聂宇
SPEU-80B国产嵌段聚醚氨酯,,,,,,,,,,,,,,,,,,,,,,,,,,,,,,,,,,,,,,,,,,,,,,,如图 国产嵌段聚醚氨酯SPEU-80B的肌肉反应；SPEU-80B.jpg),微相分离聚氨酯SPU具有优异的抗凝血性,,,,高分子材料手册（下），杨鸣波主编，化学工业出版社，2009年第一版，P661,李兰君,聂宇
聚酰胺,polyamide，PA。又称尼龙,,,,主链上有酰胺基(-NHCO-)的线型热塑性聚合物,聚己内酰胺(PA6)又称聚酰胺6、尼龙6，聚已内酰胺为乳白色或微黄色透明到不透明角质状结晶性聚合物，可自由着色，具有好的柔韧性、耐磨性、自润滑性，刚度小，耐低温，熔点215℃，耐蒸煮、灭菌；易成型加工。在医疗上可用包装膜，导尿管、缝合线。常用的尼龙品种还有尼龙66、11、12、610、612、1010，46等。它们的共性为：机械性能优异，具有较高的结晶度，熔点明显，表面硬度大，耐磨耗，摩擦系数小，有自润滑性、吸震和易灭菌消毒性；具有耐冲击性，同时还具有较高的韧性；耐低温性好，又具有一定的耐热性，具有良好的生物相容性,,,,,,,,,,,,,,,,,,,,,,,,,,,,,,,,,,,,,,,,,,,聚酰胺通常由二元胺与二元酸缩聚而得，其命名则由合成单体的碳原子数而定,,可用作医用包装膜、输尿管、导管、缝合线、固定化酶的材料等。与硅橡胶或多肽膜复合制作复合人工皮肤,师昌绪、李恒德、周廉。材料科学与工程手册。化学工业出版社、材料科学与工程出版中心。2004年1月第1版。P12-12,李兰君,聂宇
医用硅橡胶,biomedical rubber,,硅橡胶是高分子量（分子量在148000以上）的聚硅氧烷的交联体,,聚硅氧烷是含有-Si-O-Si-的聚合物,具有优良的生物相容性，生理惰性和耐生物老化性能，优异的透气性和透氧性，无毒、无味,,,,,,,,,,,,,,拉伸强度 >7 MPa ，撕裂强度 >14 MPa,,,,扯断伸长率>250%,,,,,,,,,,,,,,细胞毒性&le;II级,无急性全身毒性反应，无热原反应,,,无皮内刺激反应,,溶血率<5%,,,无异常组织学反应,,聚硅氧烷一般通过烷基氯硅水解缩合而得。也可由烷基硅氧烷三聚体D<sub>3</sub>或四聚体D<sub>4</sub>水解缩合而得,当以-CH<sub>2</sub>-CH<sub>3</sub>取代-CH<sub>3</sub>时，能提高材料的耐油性和抗凝血性。加成型硅橡胶是通过乙烯基和硅氢之间的加成反应而完成硫化过程，没有硫化剂和残留的分解产物。制品透明度好，抗撕裂强度高，克服了一般硅橡胶的主要缺点，且生物相容性优于热熟化和室温熟化硅橡胶,是理想的器官代用品和可植入性的高分子材料，硅硐、天然的和人工合成的橡胶已被用于制作植入体。天然橡胶主要由橡胶树的乳液制备而成，化学式和顺式-1.4-聚异戊二烯相同。纯橡胶具有好的血液相容性。通过X射线和有机过氧化物交联生产的橡胶和用传统的硫磺处理生产的橡胶相比具有更高的血液相容性。在医疗上可用作人工脑膜、人工鼻梁、人工下颌、人工耳、人工乳房及人工睾丸等,师昌绪、李恒德、周廉。材料科学与工程手册。化学工业出版社、材料科学与工程出版中心。2004年1月第1版。P12-13<br>高分子材料手册（下），杨鸣波主编，化学工业出版社，2009年第一版，P660,李兰君,聂宇
聚砜,polysulfone，PSF，把双酚A型聚砜简称为聚砜,代表性的有双酚A聚砜、聚芳砜和聚醚砜之类,,,在主链中含有砜基和亚芳基的高分子化合物,密度1.24g/cm<sup>3</sup>，吸水率0.22%，摩擦系数0.4，拉伸强度72～82MPa，弯曲强度108～120MPa，缺口冲击强度8～15kJ/m2，伸长率50%～100%，玻璃化温度190℃，熔点250～280℃，连续使用温度l50℃，热变形温度(1.86MPa) 174～185℃，比热容1.5J/g，线膨胀系数(3.1～3.5)×10 4/℃，脆化温度约100℃。耐日光性良好，透光率较高，体积电阻率5×104 &Omega;cm，耐化学稳定性好，属自熄型树脂，能溶解于某些芳香烃类。在-180～140℃内有优于聚碳酸酯和聚甲醛的机械强度。韧性较好，易于加工并有较好的热稳定性。聚砜的血液相容性好，滤过性好，并可用&gamma;射线灭菌，其微孔膜主要用作血液透析膜，对代谢产物的清除率高于纤维素膜等，白蛋白不易泄漏。聚砜与聚芳酯共混所得聚酯系高分子合金膜对低分子量蛋白质的清除率高,250～280℃,,,1.24g/cm<sup>3</sup>,,,,,0.4,,,,,,,,,,,,,,,,,,,,,,,,,,,,,,,,,,,,聚砜中空纤维可用于人工肝及人工肾等多种人工器官中,师昌绪、李恒德、周廉。材料科学与工程手册。化学工业出版社、材料科学与工程出版中心。2004年1月第1版。P12-13,李兰君,聂宇
聚甲醛,polyformaldehyde，POM,有均聚甲醛和共聚甲醛之分,,,,聚甲醛因主链上有—O—R—O—结构和高度结晶，分子间存在氢键，故力学性能优异，耐疲劳性居热塑性塑料之冠，拉伸强度、弯曲强度、弹性模量都相当高。耐蠕变性好；摩擦系数小，在12.6MPa下为0.2～0.4；耐磨耗；尺寸稳定性好，表面光泽好，成型收缩率大；是一种生物惰性分子，生物相容性好,,,,,,,,,,,,,,,,,,,,,,,,,,,,,,,,,,,,,,,,,,,,,用于制造人工心瓣膜架、人工关节及其他医用器械,师昌绪、李恒德、周廉。材料科学与工程手册。化学工业出版社、材料科学与工程出版中心。2004年1月第1版。P12-13,李兰君,聂宇
聚乙烯醇,polyvinyl alcohol，PVA,,,,侧链上带有羟基的乙烯类聚合物,是一种水溶性高分子材料。为白色或微黄色的粉末或颗粒，溶于水及强极性溶剂如含水苯酚、二甲基亚砜中，不溶于乙醚、氯仿等一般有机溶剂和油脂中。比热容1.67 J/(kg&bull;K)。低醇解度的PVA易溶于20&#8451;的水中，水溶液稳定；完全醇解的或高度醇解的PVA在冷水中溶胀，加热到60&#8451;以上才能较快溶解，其在水中的溶解度随分子量的增加而降低，水溶液的黏度随时间延长而上升，最终出现凝胶化。分子量在30000以下的聚乙烯醇于机体无毒、无刺激、无过敏反应；分子量50000以上者长期应用对肝、肾有损害,,,,1.3-1.32 g/cm<sup>3</sup>,,,氧气中 180  &#8451;；真空中 200 &#8451;,5~7,,完全醇解 0.028-0.032 Pa&bull;s,,,,,,,,,,,,,,,,1.54 （25 &#8451;）,,,,,,,PVA低毒或无毒，可以用于口服，急性口服毒性非常低：LD<sub>50</sub>=15g/kg体重~20g/kg体重；口服PVA被肠胃吸收极少；当口服PVA后，在体内无积累，对老鼠口服无不利影响的级别是5000mg/(kg体重&bull;天)&times;90天，同时在此剂量下繁殖两代，这是生物试验中的最高的试验剂量。,,PVA不诱导机体突变,PVA的血液相容性好，3万以下分子量的PVA对机体无毒、无刺激、无过敏反应；5万以上分子量的PVA如果长期使用则对肝脏和肾脏有损害。,PVA通常不能降解，能对PVA起作用的微生物品种极少，PVA在人工培育的真菌镰刀霉（fusariumlini）作用下，最终被生物降解成二氧化碳和水。,PVA的血液相容性好，3万以下分子量的PVA对机体无毒、无刺激、无过敏反应；5万以上分子量的PVA如果长期使用则对肝脏和肾脏有损害。,,,3万以下分子量的PVA对机体无毒、无刺激、无过敏反应；5万以上分子量的PVA如果长期使用则对肝脏和肾脏有损害。,,,,PVA可加工制成纤维、薄膜、中空纤维、微胶囊、海绵体、水凝胶等不同用途的医用材料和制品，用于避孕薄膜、药膜和药物缓释及固定化酶的载体、止血剂、烧伤覆盖膜、血液过滤和血浆分离、血浆代用品等,师昌绪、李恒德、周廉。材料科学与工程手册。化学工业出版社、材料科学与工程出版中心。2004年1月第1版。P12-13<br>高分子材料手册（上），杨鸣波主编，化学工业出版社，2009年第一版，P890<br>水溶性高分子，严瑞轩主编，化学工业出版社，2010年第二版，P30,李兰君,聂宇
聚环氧乙烷,poly(ethylene oxide)，PEO。又称聚乙二醇(PEG),,,,,是高度亲水性且不带电荷的聚合物，补体激活水平甚低，当聚合度达100时，PEO在水溶液中的柔韧性达最大。高分子材料表面附着有PEO时，可有效地排斥其他高分子物质，抑制蛋白质和血小板粘连，改善与血液接触的生物材料的生物相容性。PEO在表面的富集可通过高分子量PEO吸附、含PEO两亲性共聚物吸附、PEO的截留和PEO接枝于表面而形成,,,,,,,,,,,,,,,,,,,,,,,,,,,,,,,,,,,,,,,,,,,,,PEO还可用于制作烷醇避孕药膜、药物释放和固定化酶的载体，及亲水性抗凝血聚氨酯等,师昌绪、李恒德、周廉。材料科学与工程手册。化学工业出版社、材料科学与工程出版中心。2004年1月第1版。P12-13,李兰君,聂宇
聚乙醇酸,,,,,,,225 &#8451;,,36 &#8451;,相对密度1.5-1.7,,35-75%,,,,,6.5 GPa；10-15GPa(后增强处理PGA棒),,,57 MPa；210-270MPa(后增强处理PGA棒),弯曲强度：100-200 MPa；355-395MPa(后增强处理PGA棒)；300MPa(后增强处理PGA钉),剪切强度：200-280 MPa(后增强处理PGA棒)；240-250MPa(后增强处理PGA钉),,,,,,191 J/g (100%结晶),,,,,,,,,,PGA过快降解形成的羟基乙酸在局部堆积，造成局部pH下降致使细胞中毒甚至死亡，因此现在更常使用的是PGA和PLA的共混物或羟基乙酸与乳酸的共聚物。,,,,,PGA中的酯键易于水解，是一种可降解的医用高分子材料。具体降解速率取决于聚合物的分子量、结晶度、结晶形态、样品形态和水解的理化环境。商品化的PGA医用缝线Dexon的机械强度在体内耗损较快，一般只适合伤口愈合较快的外科手术。缝线在体内留置2周，初始强度下降约50%，4个月左右完全吸收。,,,,,,,,,高分子材料手册（下），杨鸣波主编，化学工业出版社，2009年第一版，P674,李兰君,聂宇
PLLA聚左旋乳酸,,,,,,,170-180 &#8451;,,56 &#8451;,,,,200 &#8451;,,,,3.6-5.1 GPa；5.1 GPa(板),,,113-142 MPa；400-500 MPa(自增强),弯曲强度：300 MPa；57-72 MPa(板)；240-260 MPa(自增强),,,20-30%,,,,97.3 J/g (100%结晶),,,,,,,,,,,,,,,,,,,,,,,,高分子材料手册（下），杨鸣波主编，化学工业出版社，2009年第一版，P675,李兰君,聂宇
PDLA聚右旋乳酸,,,,,,,180 &#8451;,,,,,,200 &#8451;,,,,,,,,,,,20-30%,,,,,,,,,,,,,,,,,,,,,,,,,,,,高分子材料手册（下），杨鸣波主编，化学工业出版社，2009年第一版，P675,李兰君,聂宇
DLPLA外消旋聚乳酸,,,,,,,,,50-60 &#8451;,,,,185-200 &#8451;,,,,,,,,,,,,,,,,,,,,,,,,,,,,,,,,,,,,,,,高分子材料手册（下），杨鸣波主编，化学工业出版社，2009年第一版，P675,李兰君,聂宇
PCL聚己内酯,,,,,,,57 &#8451;,,&#150;60 &#8451;,,,,350 &#8451;,,,,350 MPa,,,,,,,,,,,,,,,,,,,,,,PCL作为生物材料可经受&gamma;射线消毒，其本体材料及降解产物对肌体均不产生毒副作用。,,,PCL在埋植部位无炎症、过敏及水肿反应。,在生物体内，PCL可被彻底降解并被吸收代谢，并且由于其分子链比较规整且柔顺，结晶性很强，疏水性很好，因此降解速率很慢。利用PCL的这些特点，可将其作为长效的可植入性药物载体。PCL在体内的降解时间为2-4年，降解速率比PLA及PGA慢，且分子质量越大，吸收时间越长，10万左右相对分子质量的PCL在体内完全被吸收需要3年时间。,,,,,,,,,材料科学与工程手册，师昌绪，2004年版，P12-26<br>高分子材料手册（下），杨鸣波主编，化学工业出版社，2009年第一版，P676,李兰君,聂宇
聚&beta;-羟基丁酸酯,,,,,,,177 &#8451;(均聚物)；180 &#8451;(注塑),,9 &#8451;(均聚物)；10 &#8451;(注塑),,,60%（注射）,,,,,,,,,,,,,,,,,,,,,,,,,,,,,,PHB无毒、无免疫原性、无致突变性,PHB在体内发生缓慢降解，其最终降解产物为3-羟基丁酸，是人体血液中一种普通代谢物，不会给人体带来任何毒性作用。,,,,,,,,,材料科学与工程手册，师昌绪，2004年版，P12-27<br>高分子材料手册（下），杨鸣波主编，化学工业出版社，2009年第一版，P677,李兰君,聂宇
聚对二氧六环酮,,,,,,,110 &#8451;(注塑),,16 &#8451;,,,37%,,,,,,,,抗拉强度：552 Pa（单丝纤维）,,,,30%（单丝纤维）,,,,,,,,,,,,,,,,,,,PDS的降解主要是由于水解作用而引起的，其降解产物与人体代谢产物相同，不会在机体内蓄积，在体内降解时间为12-240天，终产物大部分从呼吸道排出，少量从尿及粪便中排出。,,,,,,,,,高分子材料手册（下），杨鸣波主编，化学工业出版社，2009年第一版，P677,李兰君,聂宇
P(CPP-SA),"聚1,3-双（对羧基苯氧基）丙烷-癸二酸",,,,,,如图 P（CPP-SA）的理化性质；PCPP-SA property.jpg),,如图 P（CPP-SA）的理化性质；PCPP-SA property.jpg),,,如图 P（CPP-SA）的理化性质；PCPP-SA property.jpg),,,,,,,,,,,,,,,,如图 P（CPP-SA）的理化性质；PCPP-SA property.jpg),,,,,,,,,,,,,,,聚芳香脂肪酸酐的单体一端是芳香羧酸，另一端是脂肪羧酸，其聚合物克服了脂肪族芳香族共聚酸酐降解的不完全线性的缺点，降解时间为几天到几个月，呈现零级降解动力学。,,,,,,,,,高分子材料手册（下），杨鸣波主编，化学工业出版社，2009年第一版，P681,李兰君,聂宇
医用纳米高分子材料,biomedical nanomaterials of polymer。纳米级高分子材料也可以称为高分子纳米微粒或高分子超微粒,,,,,聚合物微粒尺寸减少到纳米量级后使高分子的特性发生了很大的变化，主要表现在表面效应和体积效应两方面，表面效应是指超细微粒的表面原子数与总原子数之比随着粒径变小而急剧增大，表面原子的晶场环境和结合能与内部原子不同，因缺少相邻原子而呈现不饱和状态，具有很大的活性；体积效应是由于超微粒包含的原子数减少而使带电能级间隙加大，物质的一些物理性质因为能级间歇的不连续而发生异常。这两种效应使高分子材料具有了如下特性：表面积激增，粒子上的官能团密度和选择性吸附能力变大，达到平衡的时间大大缩短，粒子的胶体稳定性显著提高,,,,,,,,,,,,,,,,,,,,,,,,,,,,,,,,,,,,,,,,,,,主要通过微乳液聚合的方法得到,,纳米级高分子材料的应用已涉及免疫分析、药物控释载体介入性诊疗、吸附分离、基因治疗中基因导入的载体等方面。免疫分析根据其标识物的不同可以分为荧光免疫分析、放射性免疫分析和酶联分析等。在免疫分析中，载体材料的选择十分关键。纳米级聚合物粒子，尤其是某些具有亲水性表面的粒子，对非特异性蛋白的吸附量很小，因此已被广泛地作为新型的标记物载体来使用。在药物控制释放方面，纳米级聚合物粒子也有重要的应用价值。许多研究结果已经证实，某些药物只有在特定部位才能发挥其药效，同时它又易被消化液中的某些生物大分子所分解。因此，口服这类药物的药效并不理想。用某些生物可降解的高分子材料对药物进行保护并控制药物的释放速度，药物经过载体运送后，药效损伤很小，而且药物还可以有效控制释放，延长了药物的作用时间。作为药物载体高分子材料主要有聚乳酸、乳酸-乙醇酸共聚物、集丙烯酸酯类等。据报道，纳米级高分子材料制成的药物载体与各类药物，无论是亲水性的、疏水性的药物或者是生物大分子制剂，都有良好的相容性，因此能够负载或包覆多种药物，同时可以有效地控制药物的释放速度。纳米级高分子粒子还可以用于某些疑难病的介入性诊断和治疗。由于纳米粒子比红血球(6～9&mu;m)小得多，可以在血液中自由运动，因此可以注入各种对机体无害的纳米粒子到人体的各部位，检查病变和进行治疗。例如，载有抗生素或抗癌制剂的纳米级高分子粒子可以用动脉输送给药的方法进入体内，用于某些特定器官的临床治疗。载有药物的纳米球还可以制成乳液进行肠外或肠内的注射；也可以制成疫苗进行皮下或肌肉内注射。纳米级聚合物粒子可以直接用于生物物质的吸附分离。将纳米颗粒压成薄片制成过滤器，由于过滤孔径为纳米量级，在医疗工业中可用于血清的消毒(引起人体发病的病毒尺寸一般为几十纳米)。通过在纳米柱子表面引入羧基、羟基、磺酸基、胺基等基团，就可以利用静电作用或氢键作用使纳米粒子与蛋白质、核酸等生物大分子产事相互作用，导致共沉降而达到分离生物大分子的目的。当条件改变时，又可以使生物大分子从纳米粒子上解吸附，使生物大分子得到回收。基因治疗载体，基因治疗是治疗学的巨大进步，质粒DNA插入目的细胞后，可修复遗传错误或可产生治疗因子(如多肽、蛋白质、抗原等)。从基因水平治疗疾病，大大超越了对症治疗的效果。基因治疗所面临的最大挑战是：首先要使质粒DNA分布于特定的细胞，再使DNA到达特定的细胞器-细胞核内，最后还要使其插入特定的DNA位点。利用纳米技术，可使DNA通过主动靶向作用定位于细胞；将质粒DNA浓缩至50～200nm大小且带上负电荷，有助于其对细胞核的有效入侵，而最后质粒DNA插入细胞核DNA的准确位点则取决于纳米粒子的大小和结构。此时的纳米粒子是DNA本身所组成，但有关它的物理化学特性目前研究甚少。,师昌绪、李恒德、周廉。材料科学与工程手册。化学工业出版社、材料科学与工程出版中心。2004年1月第1版。P12-13～P12-14,李兰君,聂宇
中空纤维膜细胞组织复合材料,hollow fibermembrane tissue cell composite,,将肝细胞、胰岛细胞和制造荷尔蒙的组织生长在中空纤维膜的外侧而形成的复合材料。中空纤维膜管通常由醋酸纤维素和芬酮制成,,是一种半透膜,流经中空纤维膜管内的血液，可通过壁膜渗透向壁外的细胞或组织提供葡萄糖、氧和营养物质以维持其存活，壁外的细胞可释放胰岛素(胰岛细胞)或荷尔蒙(制造荷尔蒙)的组织，通过壁膜渗透入血液，从而起到调整机体的血糖和荷尔蒙作用,,,,,,,,,,,,,,,,,,,,,,,,,,,,,,,,,,,,,,,,,,,,,这种复合材料常结合血液透析使用，以通过纤维壁外的细胞，如肝细胞，清除血液中的有毒物质,师昌绪、李恒德、周廉。材料科学与工程手册。化学工业出版社、材料科学与工程出版中心。2004年1月第1版。P12-14,李兰君,聂宇
胶原硫酸软骨素上皮细胞复合材料,collagenchondroitin sulfate epitheliel cell composite,,,,,,,,,,,,,,,,,,,,,,,,,,,,,,,,,,,,,,,,,,,,,,,,,,主要用作烧伤皮肤的掩膜。其结构中多孔的胶原硫酸软骨素薄膜可作为培养上皮细胞的基质，当覆盖于烧伤皮肤的创面后，能够着床诱导新皮生成和阻滞创口收缩；硅橡胶层起着防止创口失水、感染，并赋予脆弱的多孔共聚膜以足够的强度。这种皮肤掩膜在创面上可保持50～60d，随着着床时间增加，胶原硫酸软骨素共聚物也被逐步降解吸收，创面愈合后可完整地取下硅橡胶膜，已临床用于大面积深度烧伤的治疗，取得了显著的疗效,师昌绪、李恒德、周廉。材料科学与工程手册。化学工业出版社、材料科学与工程出版中心。2004年1月第1版。P12-14,李兰君,聂宇
生物衍生材料,biolagically derived materials，又称生物再生材料,,由经过特殊处理的天然生物组织所形成的生物医学材料,,,生物组织可取自同种或异种动物体的组织；特殊处理包括维持组织原有构型而进行的固定、灭菌和消除抗原性的较轻微的处理，以及拆散原有构型、重建新的物理形态的强烈处理。前者如经戊二醛处理固定的猪心瓣膜、牛心包、牛颈动脉、人脐动脉以及冻干的骨片、猪皮、牛皮、羊膜、胚胎皮等；后者如用再生的胶原、弹性蛋白、透明质酸、硫酸软骨素和壳聚糖等构成的粉体、纤维、膜、海绵体等。由于经过处理的生物组织已失去生命力，生物衍生材料是无生命活力的材料,,,,,,,,,,,,,,,,,,,,,,,,,,,,,,,,,,,,,,,,,,,,由于生物衍生材料或是具有类似于自然组织的构型和功能，或是其组成类似于自然组织，在维持人体动态过程的修复和替换中具有重要的作用,主要用作人工心瓣膜、血管修复体、皮肤掩膜、纤维蛋白制品、骨修复体、巩膜修复体、鼻种植体、血液唧筒、血浆增强剂和血液透析膜等,师昌绪、李恒德、周廉。材料科学与工程手册。化学工业出版社、材料科学与工程出版中心。2004年1月第1版。P12-14,李兰君,聂宇
膜材料,membrane materials,,,,,生物体内有许多种膜，如细胞膜、基膜、腹膜和皮肤等，起到渗透、分离物质、保护机体和参与生命过程的作用。,,,,,,,,,,,,,,,,,,,,,,,,,,,,,,,,,,,,,,,,,,,,,医用膜是模拟生物膜的某些功能而人工合成的膜，当生物体发生不能再生性的功能障碍时，可用合成膜弥补这种功能。已实用化的医用功能膜由医用高分子制成，主要有：血液净化、透析、过滤、血浆分离、膜型人工肺以及富氧膜等，虽然这些膜已在临床中应用，但在生物相容性上仍存在一定问题，故常需配合一些药物，如肝素等使用，并需不断改进。生物技术的发展已促使膜的研究向更高水平发展，人类已开始在分子水平上合成细胞膜。,师昌绪、李恒德、周廉。材料科学与工程手册。化学工业出版社、材料科学与工程出版中心。2004年1月第1版。P12-14,李兰君,聂宇
中空纤维,hollow fiber,,类似于植物纤维的中空纤维微管，一种医用膜材料,,其结构可为均相、不对称和微孔膜，根据需清除物质的分子量大小及应用方法选用,中空纤维膜的特点是效率高且可自支撑。效率高是因为它们具有高的堆积密度和与血液接触有效面积大，例如，直径为100&mu;m的中空纤维在0.3m<sup>3</sup>的空间中堆砌，其表面积可达500m<sup>2</sup>，远远高于其他形态的膜装置,,,,,,,,,,,,,,,,,,,,,,,,,,,,,,,,,,,,,,,,,,,,,,师昌绪、李恒德、周廉。材料科学与工程手册。化学工业出版社、材料科学与工程出版中心。2004年1月第1版。P12-14,李兰君,聂宇
血液透析膜,membrane for hemodialysis,,一种选择性透过物质的液体半透膜,,血液透析膜是多孔性膜，常用的形态有：平板型、盘管型和中空纤维型等,优良的溶质选择性；适当的透水性；尺寸稳定性；良好的血液相容性,,,,,,,,,,,,,,,,,,,,,,,,,,,,,,,,,,,,,,,,,,,常用的制备材料有：铜氨法再生纤维素、醋酸纤维素、皂化醋酸纤维素、聚丙烯腈、乙烯-乙烯醇共聚物以及聚甲基丙烯酸甲酯、聚碳酸酯-聚醚共聚物、聚砜、聚丙烯酰胺等,补体激活和除去长期透析产生的淀粉样变性的病原性&beta;-微球蛋白，是血液透析膜选材、设计和应用中应予关注的问题,用于人工肾或人工肝辅助装置，以净化肾功能衰竭、尿毒症和药物中毒患者的血液，达到治疗目的。其工作原理是基于扩散输运，利用分别处于膜两侧的血液和透析液中溶质的浓度差，使血液中尿毒、肌酐、过量药物等中分子量代谢产物，通过透析膜扩散入透析液中被清除；透析液中的电解质由于移行可逆性，扩散入血液中以保持血液电解质平衡；同时利用透析膜两侧水分子渗透作用，通过水分子从渗透压低侧向高侧移动，即超滤作用，排除发生水潴留的尿毒病患者体内多余的水分。血液透析膜亦可用于人工肝辅助装置，只是肝衰竭患者血液中毒物的分子量较肾功能衰竭患者范围更小,师昌绪、李恒德、周廉。材料科学与工程手册。化学工业出版社、材料科学与工程出版中心。2004年1月第1版。P12-14～P12-15,李兰君,聂宇
血液过滤膜,membrane for hemofiltration,有平板型和中空纤维型,,,,,,,,,,,,,,,,,,,,,,,,,,,,,,,,,,,,,,,,,,,,,,,制作材料主要有聚丙烯腈、聚酮、聚酰胺、醋酸纤维素等,防止出现血栓是血液过滤必须关注的问题，为此，除对材料作表面改性外，还常输入肝素,其工作原理是：利用跨膜液体压力差，驱使血液通过滤膜，以对流作用清除或肝功能衰竭患者血液中的有毒物质。压力差可使用血泵产生，或利用患者自身动静脉血压差。血液过滤不需用透析液，但因只模仿了肾小球的过滤功能，不能代替肾小管的重吸收功能，因此需补充置换液，以补偿排除的滤液所带走的血液中的水分、离子及氨基酸等营养物质。血液过滤膜为多孔膜，其孔径大小根据需要决定，可带走分子量达4万～6万的有毒物质,师昌绪、李恒德、周廉。材料科学与工程手册。化学工业出版社、材料科学与工程出版中心。2004年1月第1版。P12-15,李兰君,聂宇
透氧膜,oxygenater  membrane,透氧膜有孔膜、无孔膜和混合膜,一种气体渗透膜,,为增大血气接触面积提高气体交换通量，透氧膜的形态有：平板式，包括折叠型和卷筒型；管式，包括毛细管型和中空纤维型；以及液膜式、透析式等,透氧膜必须具有良好的气体渗透性、高的气体通量、良好的血液相容性并能承受血侧压力。孔膜常用聚丙烯，也可用聚四氟乙烯和聚砜制成，其气体交换通量高，但孔吸俯蛋白质后会产生血清渗漏，影响血气交换功能；无孔膜常用硅氧烷制成，其气体渗透性为通用聚合物中最高者，但血液相容性差，常用表面改性技术以提高膜的血液相容性；混合膜由两种膜材制成，如在微孔聚丙烯膜两面涂以硅氧烷构成，以发挥两者的优点,,,,,,,,,,,,,,,,,,,,,,,,,,,,,,,,,,,,,,,,,,,,为避免血液在管内流动形成层流，造成血气交换不充分，常用尼龙等编织网覆盖或置于膜间，以产生二次流,用于膜式人工肺或氧合器中模拟生物肺泡膜功能进行体外血气交换，以使血液摄取氧(O<sub>2</sub>)并排除二氧化碳(CO<sub>2</sub>)。使用时，氧气和静脉血流隔离于膜的两侧，通过气侧和血侧氯和CO<sub>2</sub>分压差的驱动，使氧从气侧扩散穿膜进入血液，CO<sub>2</sub>从血侧透膜排放至气侧，从而实现血气交换,师昌绪、李恒德、周廉。材料科学与工程手册。化学工业出版社、材料科学与工程出版中心。2004年1月第1版。P12-15,李兰君,聂宇
组织黏合剂,tissue adhesive,根据用途的不同，组织黏合剂可分为软组织和硬组织黏合剂，常用品种有：①α-氰基丙烯酸酯类组织黏合剂②丙烯酸类组织黏合剂，有骨水泥和聚羧酸水门汀两种③环氧树脂类组织黏合剂④聚氨酯类黏合剂⑤血纤维蛋白黏合剂,以生物组织作为黏接对象的黏合剂,,,理想的组织黏合剂应当生物相容性好，可在室温下快速固化，但不过分发热或生成有毒副产物；可润湿并对组织黏合力强；可随伤口愈合而被逐步吸收；临床使用方便；可消毒灭菌；便于储存和大规模生产,,,,,,,,,,,,,,,,,,,,,,,,,,,,,,,,,,,,,,,,,,,,由于使用环境特殊和组织再生，发展理想的组织黏合剂较为困难,&alpha;-氰基丙烯酸酯类组织黏合剂，用于肝、肾、胰、肺、血管等易损伤的软组织黏合、整形外科牙体硬组织黏合、龋齿涂膜材料及用于阻塞输卵管和输精管；丙烯酸类组织黏合剂，有骨水泥和聚羧酸水门汀两种，用于骨组织与人工关节粘接，牙体黏合和骨缺损填充；环氧树脂类组织黏合剂，主要用作牙体黏合、防龋涂膜材料及充填材料；聚氨酯类黏合剂，用作血管黏合剂及牙齿黏合剂；血纤维蛋白黏合剂，用于神经和微血管吻合、硬脑膜黏合、骨片、皮肤片和其他软组织黏合固定等。,师昌绪、李恒德、周廉。材料科学与工程手册。化学工业出版社、材料科学与工程出版中心。2004年1月第1版。P12-15,李兰君,聂宇
环氧树脂黏接剂,epoxy resin adhesive,,由环氧树脂及固化剂组成的黏接剂。环氧树脂通常采用双酚A-缩水甘油醚型，为改善性能，常加入增韧剂、稀释剂及填料等。固化剂可采用胺类、咪唑类及酸酐类化合物,,,环氧树脂是一种耐生物分解的热固性树脂，其固化反应多数需要长时间加热才能完成，而能在体内温度下使树脂快速凝固的固化剂往往又带有毒性，故这类黏接剂的应用受到很大限制。但若能解决无毒的低温快速固化剂，环氧树脂作为医用黏接剂还是有前途的,,,,,,,,,,,,,,,,,,,,,,,,,,,,,,,,,,,,,,,,,,,,,若能解决无毒的低温快速固化剂，环氧树脂作为医用黏接剂还是有前途的。如采用三乙基四胺及巯基乙醇作为固化剂，可获得低毒的环氧树脂黏接剂，环氧树脂黏接剂主要用于人体硬组织的粘接修复,师昌绪、李恒德、周廉。材料科学与工程手册。化学工业出版社、材料科学与工程出版中心。2004年1月第1版。P12-15,李兰君,聂宇
血纤维蛋白黏接剂,fibrin adhesive,,一种从人体血浆中提取的黏接剂。由两种液剂组成，一种液剂含血纤维蛋白原，凝血因子Ⅶ，抑肽酶或氨基乙酸，另一种液剂含有凝血酶及氯化钙溶液,,,血纤维蛋白黏接剂的固化反应直接利用了人体自身的凝血机制。两组分混合后，血纤维蛋白原在凝血酶的作用下转化为血纤维蛋白，同时凝血因子Ⅶ被激活，使血纤维蛋白&alpha;链交联成网状结构，从而生成粘接力很强的血纤维蛋白网络。在调和后2min，其粘接强度可达最终强度的70%，30～90min内粘接抗拉强度可达到最大，为5.5～6MPa，其有效粘接力可维持2周左右。一定时间后，黏接剂在血浆酶的作用下将被机体完全降解吸收，此时创口也完全愈合。该黏接剂对创口的干湿度要求不严，其凝固速度与凝血酶浓度有关，粘接强度与血纤维蛋白浓度成正比，吸收速度则受抑肽酶或氨基乙酸浓度的控制。这种黏接剂具有良好的生物相容性，无毒副作用，也无免疫排斥问题,,,,,,,,,,,,,,,,,,,,,,,,,,,,,,,,,,,,,,,,,,,,,该黏接剂适用于自身凝血机能障碍或服用抗凝血药物患者的止血，易撕裂组织如肝、脾等的黏合，显微外科中代替缝合等,师昌绪、李恒德、周廉。材料科学与工程手册。化学工业出版社、材料科学与工程出版中心。2004年1月第1版。P12-15,李兰君,聂宇
缝合线,suture,一般分为两大类：可吸收缝合线和非吸收缝合线；按原料来源又可分为天然缝合线和合成缝合线；按物理形态分为单股线和多股线,外科手术中缝合伤口或结扎血管的专用线,,,可吸收性缝合线在体内可被逐渐被降解吸收或排出体外，其强度有的可维持两月以上，代表产品有用天然材料制成的胶原线，羊肠线和以合成材料聚乙烯醇、聚乳酸羟基乙酸共聚物、聚羟基醋酸、尼龙等制成的缝合线。后者的强度、质量稳定性都比天然材料缝合线好，组织相容性、线体柔软度等也有明显的优点，便于工业化生产，已被广泛使用。非吸收性缝合线在体内不可吸收或经数年后才能被降解,,,,,,,,,,,,,,,,,,,,,,,,,,,,,,,,,,,,,,,,,,,,,目前用于临床的主要有聚酯、聚丙烯、聚四氟乙烯、聚丙烯腈、不锈钢丝和钛合金丝等缝合线，这类缝合线除不可吸收外基本具备了可吸收缝合线的优点。打结是缝合线使用中一个重要问题，有些缝合线如尼龙单丝存在着打结困难，容易松脱，同时打结也会影响线的强度，前者可通过将其表面用硅橡胶或聚四氟乙烯等涂层来克服，后者可采用结打松结来解决，已经证明，结的松紧程度对创口康复没有明显的影响。,师昌绪、李恒德、周廉。材料科学与工程手册。化学工业出版社、材料科学与工程出版中心。2004年1月第1版。P12-15,李兰君,聂宇
人工皮肤,artificial skin,,用合成的或生物衍生的材料或它们复合的材料制造的薄膜样人体皮肤代用品。①生物衍生材料②合成高分子材料③生物衍生材料与合成高分子构成的复合材料,,,人造皮肤对人体应无刺激性，无毒副作用；能与创面贴附良好，不影响自体皮生长；具有一定的物理性能，如强度、柔软度、弹性、透气与透湿作用；使用简便，易于消毒,,,,,,,,,,,,,,,,,,,,,,,,,,,,,,,,,,,,,,,,,,,人造皮肤可用下述材料制成：①生物衍生材料。如经处理过的人或动物的羊膜、腹膜和皮肤，或是再生的胶原蛋白。②合成高分子材料。如聚乙烯醇、聚氨酯、硅橡胶、聚乙烯、聚氯乙烯，以及尼龙、涤纶、多肽等。③生物衍生材料与合成高分子构成的复合材料。如尼龙-胶原多肽-硅橡胶薄膜人造皮肤，硅橡胶膜键接到交联的胶原-硫酸软骨素多孔膜上构成的人造皮肤等。后者的胶原-硫酸软骨素多孔膜可作为培养细胞的基质，将取自受体自身皮肤的细胞于其上进行体外培养，可得到有生命活力的人造皮肤。人造皮肤可以是纤维的编织或针织物，也可以制成多孔海绵状。,由于技术限制迄今为止还不能制造在结构和功能上与生物皮肤完全相同的人造皮肤,用以覆盖烧伤或创伤的创面，以防止体液、蛋白质与电解质等自创面丢失，保护创面，防止细菌入侵，促进生物皮肤再生,师昌绪、李恒德、周廉。材料科学与工程手册。化学工业出版社、材料科学与工程出版中心。2004年1月第1版。P12-15～P12-16,李兰君,聂宇
烧伤敷料,burn dressing,一般为水凝胶，如氧化乙烯-氧化丙烯共聚物,一类涂敷于烧伤创面上的高分子材料,,,能溶于冷水，温度上升后即成为固体凝胶，遇冷又能成为液体。这种聚合物水凝胶的含水量可达80%。,,,,,,,,,,,,,,,,,,,,,,,,,,,,,,,,,,,,,,,,,,,,使用时先将这种水凝胶冷却为液体，涂在烧伤创面上，使其渗入创面组织，在体温的作用下，固化为人工皮。除可加入硝酸银灭菌之外，还可以加入硫酸新霉素和维生素A等药物，以预防感染和促进新皮再生,用以帮助维持体液平衡，防止电解质、蛋白质、体液等丢失以及创面感染。由亲水性有机玻璃和聚乙二醇组成的水凝胶，也是一种贴附性能较好的烧伤敷料，这种敷料是透明的，有一定弹性，既能观察创面愈合情况，又可使病人自由活动，在未切痂前即可使用,师昌绪、李恒德、周廉。材料科学与工程手册。化学工业出版社、材料科学与工程出版中心。2004年1月第1版。P12-16,李兰君,聂宇
人工腱,artificial tendon,,常由高分子及其复合材料配合硅橡胶等隔离膜构成，如硅橡胶与涤纶复合材料，碳纤维与聚乳酸等可生物降解高分子复合材料,,,硅橡胶具有弹性，可屈性，表面光滑，置人体内12～16周后即可形成一个新的柔软、光滑、完整的结缔组织鞘管，并有滑膜细胞增生，分泌少量的滑膜液,,,,,,,,,,,,,,,,,,,,,,,,,,,,,,,,,,,,,,,,,,,,由于硅橡胶在人体内不能自行吸收，故一般需在植入一段时间后二次手术取出，再置入自体肌腱。此外可用于人工腱的高分子还有尼龙、聚氯乙烯、聚四氟乙烯等。,用于修复或替换人体肌腱以恢复关节活动功能的一种软组织修复体。硅橡胶可作为预防手指屈肌腱修复后或游离肌腱移植后发生粘连的隔离膜,师昌绪、李恒德、周廉。材料科学与工程手册。化学工业出版社、材料科学与工程出版中心。2004年1月第1版。P12-16,李兰君,聂宇
软组织充填材料,space-filling soft tissue implant,,主要由高分子材料制成，如聚二甲基硅氧烷，聚乙烯醇、聚四氟乙烯、聚氯乙烯以及亲水性聚合物如聚甲基丙烯酸酯等,,有液态、海绵状及凝胶状等不同结构和形态,液态充填植入体，如硅酮等可直接注射入待充填部位，通过在位交联聚合而使其固定，其优点是手术创伤小，但引起的组织反应较强烈，同时易发生植入体移动等同题，不推荐采用。,,,,,,,,,,,,,,,,,,,,,,,,,,,,,,,,,,,,,,,,,,,常用的方法是，将硅酮凝胶等封入用高分子材料如硅橡胶制成的袋中，再植入体内，为利于组织长入而固定植入体，常用聚酯等网状聚合物作袋的背底,一般说来，软组织充填植入体仅起到充填和机械支撑作用，长期应用可能发生松动、移位、刺激及产生黏液性囊肿等问题,用于充填或修整因创伤、外科手术和先天产生的软组织畸形或缺损的植入体。用于隆乳、胸腔软组织充填、颌面整形，以及人工阴茎、睾丸、阴道等,师昌绪、李恒德、周廉。材料科学与工程手册。化学工业出版社、材料科学与工程出版中心。2004年1月第1版。P12-16,李兰君,聂宇
人工心脏瓣膜,heart valve implant；cardiac valve prosthesis,人工心脏瓣膜种类繁多,其结构大体相同，均由缝合环、瓣架和阻塞体构成。,,,缝合环用以早期固定瓣膜于患者心脏瓣环，由医用高分子材料编织物或多孔物制成，便于缝合，常用材料为聚四氟乙烯、聚丙烯、涤纶、硅橡胶等；瓣架用以限制阻塞体作开闭运动，由表面覆盖有高分子织物的金属架构成，以降低噪声，但由于织物易疲劳破坏，已用具有优良血液相容性的热解碳涂层所替代，金属材料则主要是不锈钢、钛和钴基合金；阻塞体随心脏的收缩或舒张、心脏内压的变化而作开闭运动，以保证血液单向流动，其形状各异，有球形、碟片形、凸透镜形等，可用聚丙烯、聚甲醛、硅橡胶、钛或钴基合金制成，但是大量使用的已是表面有热解碳涂层的石墨或金属涂层材料,,,,,,,,,,,,,,,,,,,,,,,,,,,,,,,,,,,,,,,,,,,,常用的人工心瓣膜还有生物瓣膜，是以生物衍生的猪主动脉瓣或牛心包作为人工心瓣膜的瓣，起阻塞体相似的作用。,,师昌绪、李恒德、周廉。材料科学与工程手册。化学工业出版社、材料科学与工程出版中心。2004年1月第1版。P12-16,李兰君,聂宇
血液净化材料,blood purification materials,用于血液净化的高分子制品有血液透析膜、血液过滤膜和血浆分离膜,常做成平板型、中空纤维型及盘管型等不同形态使用,,,,,,,,,,,,,,,,,,,,,,,,,,,,,,,,,,,,,,,,,,,,,,用合成材料制成能承担透析、过滤、分离和吸附功能的膜或吸附剂的一整套装置，以辅助完成人体肝脏、肾脏的过滤和清除有毒物质的功能,,用于清除血液或血浆中致病因子的材料，主要用在人工肾或人工肝辅助装置中，以清除肾或肝功能衰竭、尿毒症、药物中毒等患者血液中有毒物质的材料。血浆分离膜用于滤出肝衰竭患者含毒物的血浆，并将血细胞和补充的健康人血浆送返患者，以达到清“肝毒物”的目的,师昌绪、李恒德、周廉。材料科学与工程手册。化学工业出版社、材料科学与工程出版中心。2004年1月第1版。P12-16,李兰君,聂宇
血液吸附材料,adsorbent in hemoperfusion,按照吸附材料对致病物质的选择性高低，可将吸附材料分为特异选择性吸附材料、选择性吸附材料及非选择性吸附材料。常用的血液吸附材料有活性炭、多孔性吸附树脂、碳化树脂、固定化蛋白，DNA以及固定化抗原等,血液循环的体外辅助装置中用以吸附和清除病人血液中致病因子(如类风湿因子，肿瘤坏死因子，内毒素，家族性高脂血症中患者体内过量的总胆固醇，低密度脂蛋白-胆固醇，甘油三酯，尿毒症患者血液中的致病中分子物质等)的材料,,,具有高度的选择特异性；良好的生物相容性；较高的机械强度；易于灭菌；无毒、无致敏性及储存稳定性等,,,,,,,,,,,,,,,,,,,,,,,,,,,,,,,,,,,,,,,,,,,,目前国内正处于临床试验阶段的吸附产品主要有用于清除血液中低密度脂蛋白的吸附产品，用于清除类风湿因子治疗重症类风湿关节炎的产品，用于清除血液中肿瘤坏死因子的吸附产品，用于清除血液中内源性毒物的吸附产品。,目前已应用于临床的血液吸附材料主要包括：①用于治疗家族性高脂血症的吸附材料，国外的有直接用于全血漕流的产品，用于血浆灌流的有以磺化葡聚糖为配基、纤维素为载体的产品，以白蛋白为配基的产品；②用于治疗系统性红斑狼疮的血液吸附产品，国内的主要有以碳化树脂为载体、火棉胶包埋的DNA为配基的吸附产品；③用于治疗药物中毒的吸附材料，国内主要有大孔树脂为载体的吸附产品；④用于清除血液中胆红素过多的吸附产品。,师昌绪、李恒德、周廉。材料科学与工程手册。化学工业出版社、材料科学与工程出版中心。2004年1月第1版。P12-16～P12-17,李兰君,聂宇
角膜接触镜,cornea contact lens，俗称隐形眼镜,角膜接触镜可分为硬角膜接触镜、半刚性角膜接触镜和软角膜接触镜,是一种直接贴附在角膜表面的镜片。硬角膜接触镜最早由玻璃，后由基本上不透氧的聚甲基内烯酸甲酯(PMMA)及可渗透氧的硅氧烷和丙烯酸酯共聚物制成。半刚性角膜接触镜由可渗透氧和可维持角膜表面的正常呼吸的疏水性硅橡胶制成，需使用专用润湿溶液米保持润湿。为满足舒适性和生理要求，目前大量使用的是软角膜接触镜，最常用的是由聚甲基丙烯酸羟乙酯(HEMA)制成的中心厚度为0.05mm的超薄镜片,,,由于其可随眼球运动而运动，具有普通眼镜所不能达到的视力矫正作用。HEMA是一种水凝胶，有良好的吸水性，HEMA分子为网状结构，使镜片具有吸附和释放低分子液体的功能，含水量越高，镜片的功能越好。现已发展了十余种新材料，如在HEMA中引入N-乙烯基吡喀烷酮(NVP)等亲水性单体以提高材料含水量，同时又加入疏水性单体如甲基丙烯酸甲酯(MMA)来提高机械强度等。,,,,,,,,,,,,,,,,,,,,,,,,,,,,,,,,,,,,,,,,,,,,目前的软角膜接触镜不可长期连续戴用，必须每天取下消毒，一些角膜重症及某些眼病患者不适宜使用软角膜接触镜,用于角膜不规则屈光面的矫正和角膜疾病的治疗。软角膜接触镜除可矫正角膜屈光面外，还有治疗角膜病的作用，如保护或封闭暴露的角膜溃疡和穿孔，促进角膜创口康复、治疗角膜水肿等。此外还可用于控制释放施于眼内的药物，如作为毛果芸香碱和四环素等的控制释放载体等,师昌绪、李恒德、周廉。材料科学与工程手册。化学工业出版社、材料科学与工程出版中心。2004年1月第1版。P12-17,李兰君,聂宇
人工耳鼓膜,artificial tympanic membrane,,用于替代或修复因疾病、外伤或先天性畸形而损坏的生物耳鼓膜的植入体,,,,,,,,,,,,,,,,,,,,,,,,,,,,,,,,,,,,,,,,,,,,,,人工耳鼓膜可由生物降解的聚羟基乙酸或丙酸与苄基氨基丁二酸-异己胺酸共聚物、聚四氟乙烯、双酚-A型聚碳酸酯、硅橡胶等制作，但尚未推广应用于临床。,生物耳鼓膜对进入外耳道的声波产生共振，并将其通过听小骨等传递至听觉神经，耳鼓膜损坏将导致传导性耳聋,临床上对耳鼓膜的修复通常是采用自体或异体组织移植,师昌绪、李恒德、周廉。材料科学与工程手册。化学工业出版社、材料科学与工程出版中心。2004年1月第1版。P12-17,李兰君,聂宇
接骨板,internal fixation plate，又称骨板,按使用时加压与否分为普通接骨板和加压接骨板。加压接骨板又分为加压器型和自动加压型两类。按接骨板外形可分为条形、“L”形、钩形及鹅颈式、多孔形和三叉形等；按使用部位可分为股骨髁接骨板、股骨转子接骨板、肱骨下端接骨板，桡骨下端接骨板等,为常用的骨折内固定器件之一，常与骨螺钉或接骨丝联合使用。接骨板的制作材料主要有医用不锈钢、钛合金两类，也有用镍钛形状记忆合金,,,,,,,,,,,,,,,,,,,,,,,,,,,,,,,,,,,,,,,,,,,,,,,由于金属接骨板的刚性，用于骨折内固定时可能发生应力屏蔽效应，影响断骨康复，因此发展了碳纤维等生物陶瓷增强可降解吸收高分子材料，如聚乳酸、聚羟基乙酸或其共聚物的复合材料接骨板，由于可降解高分子材料在体内被逐渐吸收，其刚性将随断骨康复而逐渐降低并最后消失，是一类正在继续发展的动态接骨板。,普通条形接骨板可用于长管骨的断，短斜形或短螺旋形骨折；钩形骨板适用于长管骨骨端骨折固定；“L”形骨板适用于肌骨下端或股骨、肱骨髁间骨折的内固定；三叉形和鹅颈式骨板分别适用于肱骨髁部骨折和股骨精隆间骨折的固定,师昌绪、李恒德、周廉。材料科学与工程手册。化学工业出版社、材料科学与工程出版中心。2004年1月第1版。P12-17,李兰君,聂宇
纤维蛋白原,,,是一种含2964个氨基酸的大分子的糖蛋白，存在于血浆中,340000,由两个相同的组分（均含有A&alpha;，B&beta;，C&gamma;链）组成六聚体，链间以二硫键相连。,特性粘度 0.25dL/g,,,,,,,,,,,,,,,,,,,,,,,,,,,,,,,,,,,,,,,,,,,纤维蛋白原可从来源于多受体的混合血浆中提取，也可从自体同源的单一受体的血浆中获得。不管从哪一种血浆中提取都可以采用枸橼酸钠处理冷冻沉淀法、硫酸铵沉淀法、聚乙二醇沉淀法和快速乙醇沉淀法。其原理主要利用在所有血浆蛋白质中纤维蛋白原溶解性最差、在低温下更差的特性。用这些方法获得的浓缩纤维蛋白原常含有XIII因子和抑肽酶。进一步的分离纯化可利用其在各种溶剂中溶解性差异及其等电点的溶解度最低的性质。,,纤维蛋白原在临床上主要用作生物降解性黏合剂或密封胶。,高分子材料手册（下），杨鸣波主编，化学工业出版社，2009年第一版，P685,李兰君,聂宇
甲壳质,Chitin，又称甲壳素、几丁质,甲壳质由于晶胞内分子链的排列不同存在3种晶型即&alpha;-、&beta;-、&gamma;-甲壳质。,由&beta;(1&rarr;4)-2-乙酰氨基-2-脱氧-D-葡萄糖组成的线性天然多糖,,&alpha;-甲壳质是紧密连接的、链按反平行方式排列的多晶型结构；&beta;-甲壳质是链按平行方式排列的多晶型结构；&gamma;-甲壳质是两条链首尾连接的多晶型结构。&alpha;-甲壳质属斜方晶系，其单位晶格为a=0.474nm、b=1.886nm、c=1.032nm、&alpha;=&beta;=&gamma;=90&deg;。&beta;-甲壳质的晶粒为单斜晶系，其单位晶格为a=0.485nm、b=0.926nm、c=1.032nm、&alpha;=&beta;=90&deg;、&gamma;=97.5&deg;。&gamma;-甲壳质类似于&alpha;-、&beta;-甲壳质的混合物。,吸湿率可达400-500%,,,,,,,270&#8451;,,,,,,,,,,,,,,,,,,,甲壳质的比旋光度为-14&deg;~56&deg;（HCl）,,,,,,,甲壳质的毒性极低。口服、皮下给药、腹腔注射的急性毒性试验，口服长期毒性试验均显示非常小的毒性。,,,未发现甲壳质有诱变性、皮肤刺激性、眼黏膜刺激性、皮肤过敏、光毒性和光敏性。,甲壳质在体内通过刺激炎性细胞，产生溶菌酶而逐渐降解。降解过程主要为解聚，最终产生N-乙酰氨基葡萄糖，对组织细胞基本无毒副作用。,,,,,,甲壳质是用虾蟹等为原料分离无机盐和粗蛋白而获得的。提取过程包括用盐酸和氢氧化钠溶液转换溶解碳酸钙、提高温度水洗去处蛋白质，这样既可得到商品甲壳质。,,甲壳质用溶液纺丝可得到纤维，用于制造吸收型手术缝合线。其抗拉强度由于其他类型的手术缝合线如Dexon和Catgut，并有柔软、易打结、机械强度高、易被机体吸收、无炎症反应、有利于创口的愈合的特点。用甲壳质为主要材料制备的透析过滤膜、中空纤维等可用于制造各种人工器官，如人工肝脏、人工肾、人造骨等。甲壳质能选择性的凝聚白血病的L<sub>1210</sub>、Ehrlich腹水癌细胞，对正常的红细胞骨髓细胞无影响，可明显抑制肿瘤生长。,高分子材料手册（下），杨鸣波主编，化学工业出版社，2009年第一版，P687<br>水溶性高分子，严瑞轩主编，化学工业出版社，2010年第二版，P415<br>几丁聚糖与临床医学，顾其胜、蒋丽霞主编，第二军医大学出版社，2004年第一版，P3,李兰君,聂宇
壳聚糖,Chitosan，又称壳多糖、几丁聚糖,,是甲壳质的脱乙酰衍生物，化学结构为&beta;(1&rarr;4)-2-氨基-2-脱氧-D-葡萄糖,,,,,,,,,如图 壳聚糖结晶度与脱乙酰度的关系；chitosan-crystallinity.jpg),,,,如图 壳聚糖脱乙酰度与黏度的关系；chitosan-viscosity.jpg),,,,,,,,,,,,,,,,,,,,,,,,,,,壳聚糖在体内通过刺激炎性细胞，产生溶菌酶而逐渐降解。降解过程主要为解聚，最终产生氨基葡萄糖，对组织细胞基本无毒副作用。,,,,壳聚糖及其衍生物具有良好的生物相容性和可生物降解性，其降解产物无毒副作用，可被人体吸收，在体内不蓄积，无免疫性。,用壳聚糖支撑止血海绵，能够立即止血。包扎用纱布经壳聚糖溶液处理后包扎伤口，能立即止血，并有消炎作用，伤口愈合速率提高22%-55%,壳聚糖由甲壳质在40%-50%氢氧化钠水溶液中，与110&#8451;-120&#8451;水解2-4h，断开酰胺键得到。此外，还可用酶法、微波法制备壳聚糖。,,用壳聚糖制成止血海绵，能够立即止血。壳聚糖无纺布具有透气、透水性，可用于大面积的烧、烫伤护理，能吸收组织渗出液，防止感染。壳聚糖作为药物载体材料使用时可制成颗粒、片剂、膜剂、微胶囊等剂型。在药物释放后基体材料能够被人体降解吸收，不会对人体组织造成损害。壳聚糖能有效的增加巨噬细胞的吞噬功能和水解酶的活性，通过增强机体非特异性免疫系统的功能而抑制肿瘤的生长。人体观察显示，摄食壳聚糖能有效降低血清胆固醇，同时可降低胃酸，抑制溃疡，具有健胃的作用。,高分子材料手册（下），杨鸣波主编，化学工业出版社，2009年第一版，P687<br>水溶性高分子，严瑞轩主编，化学工业出版社，2010年第二版，P415<br>几丁聚糖与临床医学，顾其胜、蒋丽霞主编，第二军医大学出版社，2004年第一版，P3,李兰君,聂宇
